ID,평균기온(°C),일강수량(mm),최대 순간 풍속(m/s),최대 순간 풍속 풍향(16방위),최대 순간풍속 시각(hhmi),최대 풍속(m/s),최대 풍속 풍향(16방위),최대 풍속 시각(hhmi),평균 상대습도(%),평균 증기압(hPa),평균 현지기압(hPa),평균 지면온도(°C),성산1호기(초 당 m),호기,평균
2018-01-01,4.8,0.0,9.2,360,1246,4.5,340,1034,55.0,4.7,1025.0,4.2,7.3,1.0,3328.0
2018-01-02,6.1,0.0,8.9,340,1453,4.8,360,1438,51.9,4.9,1026.0,3.7,5.0,1.0,1218.0
2018-01-03,4.2,0.0,12.1,340,1423,6.9,290,1432,58.1,4.8,1026.4,4.8,10.8,1.0,8028.0
2018-01-04,3.2,0.4,10.9,360,909,4.6,320,1322,67.3,5.2,1022.3,3.6,9.0,1.0,5613.0
2018-01-05,4.1,2.2,10.6,290,1645,5.8,290,859,71.0,5.8,1017.9,3.0,8.6,1.0,5798.0
2018-01-06,5.1,0.0,11.7,360,1536,5.8,290,252,59.4,5.2,1020.2,3.9,8.9,1.0,5879.0
2018-01-07,8.6,4.5,8.1,110,1854,5.4,110,1912,71.6,8.1,1016.8,6.2,3.6,1.0,764.0
2018-01-08,8.5,7.4,12.2,290,1525,8.2,290,1526,83.5,9.6,1009.0,8.4,6.6,1.0,3760.0
2018-01-09,3.4,0.3,14.2,270,1149,7.9,290,1612,62.5,4.9,1014.6,2.6,10.3,1.0,7834.0
2018-01-10,1.6,5.3,16.3,270,1309,9.7,290,1456,65.9,4.5,1017.8,1.6,10.8,1.0,8695.0
2018-01-11,-2.2,21.3,11.9,290,21,7.1,290,33,87.1,4.5,1024.3,-0.1,8.5,1.0,5581.0
2018-01-12,-1.1,6.7,10.4,290,1101,4.8,290,1109,75.0,4.2,1028.5,0.2,7.6,1.0,4213.0
2018-01-13,2.1,0.0,7.5,270,1404,4.3,290,1411,70.6,5.0,1030.2,0.3,4.1,1.0,663.0
2018-01-14,5.7,2.2,7.4,270,2321,4.2,290,2324,72.5,6.7,1026.6,0.2,3.2,1.0,90.0
2018-01-15,9.4,0.2,5.9,270,353,4.3,250,355,75.6,8.8,1022.0,5.5,4.3,1.0,1067.0
2018-01-16,13.0,40.9,11.3,160,1449,6.6,200,1457,90.9,13.6,1013.6,10.6,6.3,1.0,2277.0
2018-01-17,8.7,1.0,12.4,320,1053,7.2,290,1411,80.5,9.1,1014.8,9.2,7.7,1.0,4635.0
2018-01-18,8.1,0.0,10.2,290,1145,5.9,290,1230,66.4,7.1,1020.2,6.5,6.9,1.0,3588.0
2018-01-19,6.4,0.0,10.6,290,1016,6.1,290,920,52.3,4.9,1019.9,4.1,8.3,1.0,5806.0
2018-01-20,6.1,0.0,10.2,50,1409,6.2,360,1412,51.0,4.7,1019.8,3.0,8.0,1.0,4978.0
2018-01-21,8.2,0.0,8.5,20,1111,4.7,20,1112,56.1,6.0,1018.8,5.8,5.7,1.0,2102.0
2018-01-22,7.8,5.0,10.4,290,2354,6.4,290,2323,73.4,7.7,1014.1,7.7,5.0,1.0,1515.0
2018-01-23,1.1,0.9,11.2,320,123,6.5,290,12,74.0,4.9,1020.1,2.3,8.4,1.0,4993.0
2018-01-24,-2.2,3.0,10.8,320,1409,5.8,290,1454,72.5,3.8,1024.0,1.5,8.9,1.0,5869.0
2018-01-25,-2.9,0.2,14.1,320,1905,6.7,290,1910,67.5,3.3,1024.6,-1.6,12.7,1.0,10156.0
2018-01-26,-2.1,0.2,14.2,340,1240,7.4,290,1544,65.8,3.5,1024.3,-1.5,14.3,1.0,11126.0
2018-01-27,0.2,0.0,11.6,90,15,5.4,290,1115,58.0,3.6,1023.4,-0.6,7.8,1.0,4274.0
2018-01-28,2.2,0.1,13.8,290,1515,8.0,290,1507,67.0,4.8,1018.6,1.7,9.7,1.0,7309.0
2018-01-29,0.8,0.4,11.8,270,1517,7.5,290,1443,69.3,4.4,1020.7,1.1,9.7,1.0,7169.0
2018-01-30,0.8,0.0,8.9,270,1502,5.9,290,1511,73.4,4.8,1024.1,2.2,6.2,1.0,2196.0
2018-02-01,3.2,0.0,10.0,20,1233,5.7,360,1237,53.9,4.1,1024.6,3.2,7.4,1.0,3651.0
2018-02-02,2.5,0.0,12.2,290,1138,7.0,290,859,50.0,3.6,1024.8,2.6,9.1,1.0,6622.0
2018-02-03,0.0,2.7,11.4,290,1353,6.5,290,1453,69.9,4.3,1025.2,1.2,11.5,1.0,9482.0
2018-02-04,-1.9,5.9,10.4,270,1158,5.5,290,833,71.4,3.8,1025.6,0.3,11.4,1.0,8512.0
2018-02-05,-1.4,11.3,11.0,360,840,5.5,290,1658,75.9,4.1,1024.0,0.3,8.0,1.0,4996.0
2018-02-06,-2.2,12.7,10.7,290,1549,5.9,290,754,79.0,4.1,1023.0,0.3,7.8,1.0,4002.0
2018-02-07,-0.2,0.2,7.9,360,1342,4.0,340,1343,74.1,4.5,1023.0,0.3,5.6,1.0,1271.0
2018-02-08,1.4,13.1,8.6,90,1044,4.6,70,1135,84.0,5.7,1020.5,0.2,3.4,1.0,264.0
2018-02-09,6.1,0.0,8.7,200,1236,5.4,200,1208,65.1,6.1,1020.1,0.6,5.3,1.0,1305.0
2018-02-10,4.6,3.6,11.7,250,1722,5.8,320,1722,69.3,5.9,1018.9,3.4,9.6,1.0,5300.0
2018-02-11,1.6,0.4,13.7,340,2103,7.8,290,2014,52.8,3.6,1022.0,1.5,9.7,1.0,6148.0
2018-02-12,1.7,0.1,12.6,290,1159,7.6,290,1207,54.3,3.7,1022.5,1.3,9.7,1.0,7067.0
2018-02-13,4.6,0.0,12.3,290,310,7.4,290,307,45.1,3.8,1022.8,4.8,6.7,1.0,3275.0
2018-02-14,9.8,0.0,12.6,200,1011,8.0,230,1019,69.0,8.5,1017.4,7.2,9.2,1.0,5875.0
2018-02-15,6.4,0.1,11.4,320,1256,6.1,320,1303,63.5,6.1,1016.3,6.5,8.3,1.0,5393.0
2018-02-16,5.5,0.0,13.0,320,2034,7.4,290,1802,51.8,4.6,1015.3,4.4,7.2,1.0,4351.0
2018-02-17,3.6,0.0,12.6,290,1014,6.9,290,1559,47.6,3.7,1021.1,4.2,10.9,1.0,7470.0
2018-02-18,6.2,0.3,7.7,340,2245,4.7,360,2251,58.3,5.5,1021.4,4.3,4.5,1.0,1147.0
2018-02-19,7.4,3.1,7.1,20,1547,4.5,360,1053,68.8,7.0,1019.1,6.4,4.6,1.0,711.0
2018-02-21,5.0,0.0,11.4,250,1045,6.1,290,35,45.4,4.0,1019.6,5.5,9.6,1.0,7556.0
2018-02-22,3.7,0.0,9.9,320,207,5.8,20,956,38.5,3.0,1020.9,3.8,6.9,1.0,3292.0
2018-02-23,7.4,0.0,8.5,230,1614,5.4,200,1601,60.4,6.2,1022.3,5.4,5.4,1.0,1636.0
2018-02-24,8.8,0.0,7.2,50,1138,4.2,290,520,64.5,7.3,1024.1,8.8,4.0,1.0,981.0
2018-02-25,9.4,0.0,9.7,320,2123,5.9,290,2128,65.6,7.7,1020.7,8.9,5.1,1.0,1787.0
2018-02-26,8.1,0.0,8.4,270,704,4.9,360,1030,54.6,5.7,1021.6,9.4,5.1,1.0,2233.0
2018-02-27,11.2,0.0,7.8,180,2142,5.5,180,2148,65.5,8.6,1020.7,10.7,5.1,1.0,1234.0
2018-02-28,11.3,72.2,28.3,290,2120,17.1,290,2108,82.0,11.1,1002.6,10.6,13.2,1.0,5149.0
2018-03-01,6.2,0.0,25.8,290,43,15.3,290,13,63.3,6.2,1011.3,5.5,14.1,1.0,6926.0
2018-03-02,5.7,0.0,10.2,290,206,5.4,290,243,64.6,5.8,1015.4,7.1,6.7,1.0,3594.0
2018-03-03,10.7,0.9,8.6,140,1110,5.4,110,1020,86.9,11.4,1012.3,8.5,4.2,1.0,764.0
2018-03-04,15.0,20.6,10.0,230,2346,5.9,230,2347,95.3,16.2,1009.5,13.3,7.8,1.0,3798.0
2018-03-06,8.9,0.0,12.6,360,1005,7.3,20,1111,66.6,7.5,1025.2,9.2,8.5,1.0,4852.0
2018-03-07,10.1,34.3,12.0,70,1107,7.3,70,1116,77.3,9.4,1021.1,8.6,8.4,1.0,4986.0
2018-03-08,6.4,27.0,15.3,290,1140,9.7,290,2249,81.0,7.8,1013.9,7.8,14.7,1.0,10836.0
2018-03-09,5.3,0.0,12.5,270,49,7.4,290,45,70.6,6.3,1020.9,6.3,8.8,1.0,6187.0
2018-03-10,7.2,0.0,8.7,320,2229,5.4,290,2304,65.1,6.5,1022.3,7.0,4.6,1.0,1790.0
2018-03-11,8.5,0.0,7.8,320,612,4.6,290,2,68.3,7.4,1023.3,9.2,4.6,1.0,1726.0
2018-03-12,10.8,0.0,9.7,200,1510,6.5,180,1447,75.0,9.5,1020.9,11.1,5.8,1.0,1889.0
2018-03-13,14.4,0.0,10.0,200,1135,6.4,200,1105,75.0,12.2,1018.8,13.6,8.3,1.0,4640.0
2018-03-14,16.2,0.0,8.9,200,2341,6.1,200,2400,81.9,15.1,1018.3,15.7,9.1,1.0,5660.0
2018-03-15,15.6,34.5,12.7,200,1030,7.8,180,810,94.3,16.6,1012.2,15.5,8.9,1.0,5802.0
2018-03-16,8.9,1.4,15.1,50,1641,8.3,290,343,78.1,9.0,1019.4,10.1,10.7,1.0,8177.0
2018-03-17,9.0,0.0,9.8,50,923,5.7,50,921,68.9,7.9,1024.4,10.4,6.3,1.0,2480.0
2018-03-18,13.6,5.4,7.2,160,2310,4.6,140,1929,88.9,14.0,1017.0,12.4,5.6,1.0,1841.0
2018-03-19,13.3,21.6,14.4,50,2139,8.3,50,2253,92.1,14.2,1009.3,14.2,7.7,1.0,4955.0
2018-03-20,8.4,16.9,17.8,20,2027,10.3,50,1355,79.5,8.7,1015.1,8.2,15.3,1.0,11506.0
2018-03-21,4.7,12.4,13.9,20,107,8.5,360,220,88.9,7.6,1010.8,6.6,8.5,1.0,5434.0
2018-03-22,6.5,0.1,9.3,230,1219,5.5,290,2400,70.3,6.7,1012.8,8.1,8.6,1.0,5441.0
2018-03-23,8.2,0.0,8.4,290,829,5.8,290,5,55.8,6.0,1017.5,9.3,6.3,1.0,3158.0
2018-03-24,10.5,0.0,5.7,110,1159,3.8,110,1228,63.3,8.1,1021.3,10.8,4.7,1.0,1093.0
2018-03-25,11.6,0.0,6.1,160,1200,4.1,180,1204,78.9,10.7,1023.0,13.2,2.9,1.0,350.0
2018-03-26,12.5,0.0,7.4,180,1240,5.1,180,1236,72.4,10.2,1020.3,14.2,2.6,1.0,127.0
2018-03-27,12.5,0.0,8.0,180,1359,5.6,180,1408,74.8,10.8,1017.5,14.8,2.5,1.0,111.0
2018-03-28,13.5,0.0,8.0,180,1415,5.7,180,1554,79.3,12.5,1016.2,16.5,5.3,1.0,1693.0
2018-03-29,14.5,0.0,6.5,70,1258,4.4,70,1348,80.4,13.2,1017.7,18.1,3.6,1.0,584.0
2018-03-30,14.1,0.0,9.1,20,948,5.9,50,949,74.5,11.8,1021.0,17.8,5.5,1.0,1596.0
2018-03-31,14.5,0.0,4.9,90,1139,3.6,90,1141,77.5,12.7,1018.8,18.2,3.9,1.0,420.0
2018-04-01,17.4,0.0,8.5,180,1409,6.2,180,1506,83.3,16.4,1015.4,21.0,6.9,1.0,2774.0
2018-04-02,18.5,0.0,9.2,180,1429,5.8,180,1414,85.0,17.9,1014.6,22.4,7.1,1.0,2751.0
2018-04-03,18.6,0.0,7.7,180,1325,4.9,180,1205,85.5,18.2,1015.6,22.4,6.7,1.0,2573.0
2018-04-04,18.6,0.2,11.6,110,2253,7.3,90,2308,83.1,17.6,1014.7,21.0,5.3,1.0,1873.0
2018-04-05,15.6,7.2,11.0,110,909,7.6,90,912,92.8,16.5,1012.5,16.5,5.9,1.0,2452.0
2018-04-06,11.1,8.0,16.3,290,502,9.5,290,1748,67.6,9.4,1011.0,13.4,13.2,1.0,9791.0
2018-04-07,6.0,0.0,16.9,320,1044,9.9,290,1052,51.6,4.8,1017.3,6.1,11.5,1.0,8857.0
2018-04-08,10.4,0.0,15.2,230,1726,10.6,200,1741,55.9,7.2,1016.5,10.2,8.4,1.0,5661.0
2018-04-09,13.6,0.0,11.3,230,36,7.5,200,42,70.5,10.7,1016.2,17.1,6.1,1.0,2852.0
2018-04-10,17.0,0.0,15.8,200,1629,10.5,200,1629,77.1,14.7,1013.0,19.0,13.6,1.0,9541.0
2018-04-11,17.5,0.0,13.4,200,12,9.1,200,16,63.8,12.8,1010.2,21.0,7.6,1.0,4431.0
2018-04-12,16.7,0.0,8.9,360,834,4.8,360,837,28.9,5.6,1016.0,19.3,5.9,1.0,2320.0
2018-04-13,15.9,1.2,12.4,90,2111,7.7,70,2112,53.5,9.5,1018.3,17.6,7.9,1.0,5495.0
2018-04-14,14.1,47.1,16.2,290,1725,10.6,290,1903,87.8,14.6,1004.8,15.3,12.6,1.0,7907.0
2018-04-15,11.2,0.0,16.2,320,1751,10.8,290,1759,59.1,7.6,1011.5,10.9,15.6,1.0,9880.0
2018-04-16,11.6,0.0,12.7,320,428,8.8,290,432,65.6,8.9,1016.9,11.8,8.2,1.0,4246.0
2018-04-17,13.6,0.1,7.7,70,1418,4.8,70,1418,78.0,12.1,1017.5,16.5,4.3,1.0,499.0
2018-04-18,12.9,0.0,8.6,180,1222,6.1,180,1058,70.3,10.1,1016.0,17.2,3.1,1.0,505.0
2018-04-19,12.6,0.0,7.0,180,1454,4.9,180,1252,69.9,10.0,1016.7,17.2,2.4,1.0,88.0
2018-04-20,14.8,0.0,7.6,180,1444,5.6,180,1449,62.6,10.3,1018.0,18.9,3.2,1.0,407.0
2018-04-21,17.3,0.0,10.0,180,1056,6.0,180,1030,79.6,15.8,1016.8,19.7,8.9,1.0,4132.0
2018-04-23,17.8,100.0,11.6,90,118,7.5,90,126,97.0,19.7,1008.8,18.0,8.3,1.0,3395.0
2018-04-24,14.4,23.4,8.6,20,1201,5.3,360,849,94.1,15.5,1005.7,15.7,5.0,1.0,1044.0
2018-04-25,13.8,1.5,6.5,50,1328,4.0,70,1358,73.9,11.5,1011.2,17.3,2.7,1.0,100.0
2018-04-26,15.2,0.0,6.7,290,2117,4.7,290,2124,69.5,11.8,1012.5,15.3,4.8,1.0,1296.0
2018-04-27,16.4,0.0,9.3,290,159,6.0,290,208,64.8,11.9,1013.1,17.0,7.0,1.0,3501.0
2018-04-28,15.9,0.0,8.3,180,1245,5.6,180,1250,86.3,15.5,1015.1,19.9,3.2,1.0,189.0
2018-04-29,16.0,0.0,8.7,180,1441,6.2,180,1553,80.3,14.5,1012.7,19.9,4.5,1.0,1118.0
2018-04-30,17.6,21.8,7.5,140,829,5.1,180,1348,90.8,18.2,1013.1,18.6,8.2,1.0,4086.0
2018-05-01,17.8,0.8,5.6,90,1929,3.8,110,1936,96.6,19.7,1010.7,18.6,5.0,1.0,949.0
2018-05-02,17.1,0.8,16.0,290,1858,11.5,290,1831,86.5,17.3,1005.5,18.8,7.6,1.0,4477.0
2018-05-03,13.7,0.2,13.0,290,1404,8.1,290,1514,59.4,9.0,1012.0,12.0,9.5,1.0,6575.0
2018-05-04,15.1,0.0,9.3,230,1555,5.3,290,1006,43.1,6.8,1015.7,16.3,6.3,1.0,2991.0
2018-05-05,17.4,0.0,10.8,200,1124,7.3,200,1258,74.4,14.9,1015.6,19.6,8.7,1.0,5622.0
2018-05-06,17.5,59.6,13.1,200,1116,8.5,180,609,94.6,18.8,1005.5,17.5,9.6,1.0,6705.0
2018-05-07,16.5,8.6,10.9,20,1458,5.6,20,1324,93.1,17.5,1003.0,17.1,5.5,1.0,2047.0
2018-05-08,15.3,0.0,14.2,50,2208,7.7,50,1515,77.0,13.4,1010.0,14.9,9.5,1.0,6630.0
2018-05-09,14.8,0.0,11.0,50,143,6.3,50,146,68.6,11.5,1019.1,16.4,6.7,1.0,2800.0
2018-05-10,14.6,0.0,7.7,20,855,4.2,70,924,74.1,12.2,1021.0,19.4,4.3,1.0,254.0
2018-05-11,16.3,0.1,6.0,180,1453,4.4,180,1507,76.5,14.4,1016.5,19.4,3.9,1.0,631.0
2018-05-12,19.3,0.4,11.9,160,1121,7.0,200,1729,81.6,18.2,1010.2,19.9,9.5,1.0,6340.0
2018-05-13,19.3,20.0,9.2,200,145,5.8,200,146,71.9,15.8,1006.8,20.7,7.4,1.0,3687.0
2018-05-14,18.9,0.0,7.4,180,1601,4.8,180,1523,71.6,15.5,1009.9,20.5,2.1,1.0,1399.0
2018-05-15,20.2,0.0,9.9,230,2332,6.2,180,1210,82.4,19.6,1009.1,20.1,8.9,1.0,4616.0
2018-05-16,21.2,0.0,13.1,200,2038,7.7,200,1526,95.9,24.0,1006.3,22.0,11.3,1.0,8294.0
2018-05-17,21.1,5.0,14.8,230,830,9.8,200,38,97.0,24.2,1004.4,22.4,11.7,1.0,9565.0
2018-05-18,20.3,6.3,8.2,200,3,5.5,200,153,94.0,22.4,1003.9,23.6,6.3,1.0,2980.0
2018-05-19,16.0,0.9,15.0,70,1007,7.5,20,1950,80.3,14.5,1012.0,16.9,9.6,1.0,6546.0
2018-05-20,16.2,1.0,12.5,70,657,7.1,50,537,74.3,13.6,1014.0,16.0,10.2,1.0,7145.0
2018-05-21,17.2,0.0,10.1,50,839,5.6,50,802,85.0,16.6,1014.6,18.4,6.1,1.0,2063.0
2018-05-22,18.9,1.5,5.8,160,2350,4.0,180,2331,88.1,19.2,1010.0,22.5,4.5,1.0,730.0
2018-05-23,18.8,12.8,21.7,340,1107,8.2,290,1619,64.8,14.0,1004.8,18.6,10.0,1.0,6834.0
2018-05-24,18.5,0.0,10.6,290,3,6.6,290,9,62.3,13.4,1008.7,18.0,4.7,1.0,1468.0
2018-05-25,19.1,1.2,9.7,200,1608,5.8,200,1608,65.6,14.3,1006.5,20.4,4.0,1.0,520.0
2018-05-26,17.1,12.1,7.1,50,1532,4.6,20,1533,86.6,16.8,1006.7,20.0,3.2,1.0,201.0
2018-05-27,19.3,3.6,6.2,180,1411,4.1,180,1425,84.9,19.0,1008.5,20.2,2.7,1.0,168.0
2018-05-28,18.7,14.8,6.3,70,1208,3.9,90,1210,96.3,20.8,1007.7,20.6,3.5,1.0,291.0
2018-05-29,19.7,2.1,6.2,20,758,3.8,360,802,93.6,21.4,1009.4,23.0,2.7,1.0,92.0
2018-05-30,20.7,0.0,6.2,180,1603,4.3,180,1606,90.5,21.9,1009.0,24.2,2.2,1.0,38.0
2018-05-31,19.2,0.0,8.3,270,932,4.8,290,908,70.3,15.4,1009.7,19.1,5.3,1.0,1697.0
2018-06-01,21.3,0.0,6.5,360,844,3.9,360,904,59.4,14.5,1012.5,23.5,4.7,1.0,822.0
2018-06-02,21.5,0.0,6.0,20,826,3.9,360,911,63.4,15.9,1012.8,23.8,3.1,1.0,414.0
2018-06-03,20.4,0.0,7.7,180,1527,4.9,180,1541,79.6,19.1,1011.7,25.1,3.6,1.0,392.0
2018-06-04,20.8,0.0,4.7,320,617,2.6,140,1044,82.9,20.4,1011.2,24.6,3.5,1.0,517.0
2018-06-05,19.5,56.3,8.9,50,1316,5.2,50,1324,94.9,21.4,1009.4,20.8,4.9,1.0,1228.0
2018-06-06,20.7,0.0,5.4,180,1643,4.0,90,1249,85.3,20.6,1010.3,23.9,2.5,1.0,61.0
2018-06-07,20.9,0.0,5.4,90,1447,4.1,90,1440,81.9,20.0,1009.5,24.7,2.7,1.0,151.0
2018-06-08,21.8,0.0,6.5,270,540,4.3,180,1707,75.1,19.4,1006.2,24.6,4.3,1.0,1278.0
2018-06-09,20.4,0.0,10.4,90,2034,5.9,50,1611,81.4,19.5,1004.1,21.8,5.4,1.0,1925.0
2018-06-11,18.8,14.0,8.2,50,126,4.8,20,135,89.4,19.2,998.9,20.0,4.5,1.0,782.0
2018-06-12,20.3,0.5,7.6,340,808,4.5,290,823,84.1,19.8,1001.8,22.9,4.0,1.0,821.0
2018-06-13,20.5,0.0,7.4,70,1426,5.5,90,1426,78.4,18.7,1005.2,23.3,4.1,1.0,552.0
2018-06-14,21.0,0.3,9.7,90,1958,6.1,90,2017,82.4,20.4,1004.9,22.6,4.5,1.0,1321.0
2018-06-15,20.1,0.0,11.3,50,1141,6.0,50,1215,77.8,18.2,1007.7,20.3,7.1,1.0,3070.0
2018-06-16,19.6,0.0,11.2,50,1019,7.0,50,940,74.4,16.9,1009.8,20.8,7.9,1.0,4111.0
2018-06-17,20.0,0.0,7.3,360,1126,4.2,70,1304,83.0,19.3,1007.9,23.0,4.0,1.0,368.0
2018-06-18,21.2,0.0,5.4,70,1020,3.8,70,1102,81.4,20.3,1005.5,23.7,2.6,1.0,61.0
2018-06-19,20.2,44.6,6.0,90,1754,3.7,110,1452,92.1,21.7,1002.5,21.1,4.6,1.0,637.0
2018-06-20,22.1,1.2,9.4,360,1113,4.2,340,1116,78.5,20.6,1001.9,22.8,5.4,1.0,1135.0
2018-06-21,23.2,0.0,7.6,200,1611,5.2,180,1610,67.6,18.9,1005.0,23.6,5.5,1.0,1386.0
2018-06-22,21.7,0.8,7.0,340,925,4.3,360,1006,71.5,18.4,1006.3,22.2,4.0,1.0,696.0
2018-06-23,20.7,1.7,7.0,70,1237,5.3,90,1239,78.0,18.9,1004.6,23.9,3.5,1.0,468.0
2018-06-24,22.2,0.0,6.8,320,631,4.9,180,934,75.1,20.0,1007.1,26.4,3.9,1.0,915.0
2018-06-25,22.7,0.0,6.3,180,1505,4.6,180,1632,82.6,23.0,1009.0,28.1,5.6,1.0,1187.0
2018-06-26,24.6,0.0,14.7,200,1144,8.7,200,1149,90.4,27.8,1006.7,24.6,11.5,1.0,7748.0
2018-06-27,24.2,3.2,16.6,200,50,10.5,200,56,91.1,27.4,1003.4,23.8,9.3,1.0,5926.0
2018-06-28,23.2,35.2,11.6,200,51,7.0,200,54,94.3,26.7,1000.0,23.1,8.7,1.0,5491.0
2018-06-29,23.2,32.1,11.2,250,7,6.6,200,1426,90.0,25.5,1002.2,24.7,6.5,1.0,2595.0
2018-06-30,22.5,181.0,8.9,140,2239,5.3,140,2255,95.4,25.8,1007.3,21.9,5.4,1.0,1516.0
2018-07-01,24.8,0.6,8.9,140,1057,5.6,140,1022,93.0,28.9,1006.5,27.3,11.0,1.0,6359.0
2018-07-02,25.1,0.3,7.4,50,2358,4.1,20,1950,89.4,28.4,1004.1,27.3,7.7,1.0,3611.0
2018-07-03,24.1,17.7,18.1,360,1127,11.2,20,1044,86.5,25.7,992.7,23.2,12.0,1.0,8483.0
2018-07-04,25.9,0.0,8.7,270,104,5.3,270,101,81.3,27.0,997.6,27.4,5.2,1.0,2489.0
2018-07-05,23.6,0.1,7.4,90,2057,4.1,70,2057,90.4,26.2,1000.3,24.9,3.4,1.0,455.0
2018-07-06,22.0,22.0,12.4,70,1838,6.8,50,1935,91.9,24.3,1002.7,22.4,8.0,1.0,4013.0
2018-07-07,21.0,0.0,12.5,50,921,7.5,50,937,81.9,20.3,1007.1,20.6,9.7,1.0,6017.0
2018-07-08,20.9,1.0,10.1,50,213,6.0,70,546,89.8,22.1,1009.3,21.1,6.7,1.0,2943.0
2018-07-09,23.8,0.1,7.5,50,35,5.1,180,1336,92.8,27.3,1011.8,25.6,5.7,1.0,1985.0
2018-07-10,24.0,0.0,5.9,90,321,3.9,90,247,90.8,26.9,1012.7,27.3,5.3,1.0,1158.0
2018-07-11,25.7,0.0,4.6,160,1612,2.7,140,1325,88.9,29.3,1013.1,29.1,6.5,1.0,2067.0
2018-07-12,26.1,0.0,7.2,180,1442,4.7,180,1442,89.8,30.2,1011.9,30.4,5.8,1.0,1397.0
2018-07-13,26.0,0.0,7.9,180,1436,5.7,180,1518,86.3,28.9,1010.8,30.9,3.8,1.0,487.0
2018-07-14,25.5,0.0,7.7,160,1545,5.3,180,1549,84.6,27.5,1009.9,31.5,2.9,1.0,180.0
2018-07-15,25.5,0.0,5.1,200,1724,3.9,180,1742,84.0,27.3,1010.4,32.4,2.6,1.0,64.0
2018-07-16,26.0,0.0,5.9,180,1638,4.3,180,1616,83.9,28.0,1010.7,33.0,3.6,1.0,369.0
2018-07-17,26.8,0.0,5.5,180,1427,3.8,180,1621,82.5,28.9,1010.3,34.2,3.5,1.0,364.0
2018-07-18,27.0,0.0,5.9,90,1104,4.2,70,1129,77.3,27.2,1009.7,35.1,2.8,1.0,106.0
2018-07-19,27.5,0.0,7.2,70,1430,4.8,70,1455,68.6,24.7,1008.6,34.7,3.2,1.0,403.0
2018-07-20,28.2,0.0,5.9,20,1344,3.8,70,1012,69.4,26.1,1006.8,35.7,2.9,1.0,92.0
2018-07-21,28.8,0.0,8.6,70,1508,5.1,70,1515,81.0,31.9,1006.0,34.6,4.4,1.0,1122.0
2018-07-22,28.5,0.0,12.0,110,1012,7.5,90,629,81.3,31.5,1005.7,34.2,10.2,1.0,7009.0
2018-07-23,28.0,0.0,7.8,180,136,4.9,180,130,83.9,31.6,1006.8,36.3,7.0,1.0,2383.0
2018-07-24,27.5,0.0,8.6,180,1208,6.0,180,1410,86.3,31.5,1006.3,34.9,6.3,1.0,1860.0
2018-07-25,27.9,0.0,8.3,180,1340,6.2,180,1354,82.6,30.7,1006.0,35.0,4.9,1.0,1014.0
2018-07-26,27.5,0.0,5.6,270,148,3.5,90,1352,82.5,30.0,1005.6,34.6,2.6,1.0,89.0
2018-07-27,28.5,0.0,8.0,180,1353,5.7,180,1354,76.6,29.6,1004.9,35.3,4.0,1.0,1057.0
2018-07-28,29.5,0.0,8.4,270,135,5.2,290,143,72.3,29.6,1003.2,36.8,5.1,1.0,2189.0
2018-07-29,29.8,0.0,9.1,290,2252,5.6,290,2200,68.6,28.1,999.8,37.5,5.3,1.0,1984.0
2018-07-30,28.4,0.0,10.7,20,809,6.3,50,1435,77.1,29.6,1000.1,34.6,6.6,1.0,2575.0
2018-07-31,28.5,0.0,12.3,20,1203,7.0,20,1054,75.9,29.3,1001.0,36.4,6.9,1.0,2896.0
2018-08-01,28.6,0.0,10.7,360,1010,6.8,50,1320,77.9,30.3,1000.4,34.3,6.7,1.0,2560.0
2018-08-02,29.1,0.0,10.1,50,1445,6.5,50,1447,80.4,32.3,1002.5,36.5,5.4,1.0,1875.0
2018-08-03,28.3,0.4,12.8,110,1158,8.3,110,1159,83.4,32.0,1005.1,31.4,9.2,1.0,5518.0
2018-08-04,28.3,0.0,7.8,160,1437,5.6,180,1437,84.0,32.1,1006.5,34.6,4.6,1.0,725.0
2018-08-05,28.0,0.0,6.3,180,1638,4.5,180,1640,79.6,30.0,1005.9,32.5,2.4,1.0,305.0
2018-08-06,29.6,0.0,9.4,290,739,5.5,290,734,72.8,29.8,1004.2,36.7,5.5,1.0,2422.0
2018-08-07,28.3,0.0,8.6,70,1259,6.0,50,1225,79.1,30.3,1005.0,33.4,4.4,1.0,707.0
2018-08-08,28.5,0.0,8.4,90,1231,4.9,70,1239,77.3,29.9,1004.6,33.3,4.9,1.0,968.0
2018-08-09,29.2,0.0,8.3,360,1443,5.0,360,1452,75.9,30.3,1002.8,33.9,4.5,1.0,1080.0
2018-08-10,29.0,0.0,8.2,340,1303,4.7,360,1316,74.5,29.4,1001.2,33.5,3.7,1.0,856.0
2018-08-11,28.7,1.0,9.5,70,1033,5.5,70,1106,78.8,30.9,1002.1,33.1,5.4,1.0,1237.0
2018-08-12,29.2,0.0,9.8,70,202,6.6,90,213,82.0,33.1,1004.1,34.0,7.5,1.0,3242.0
2018-08-13,29.2,0.0,10.3,160,221,6.5,140,221,81.6,32.8,1007.7,35.3,8.4,1.0,3339.0
2018-08-14,28.8,0.0,5.4,90,1628,4.0,90,1630,81.5,32.0,1007.3,36.0,4.0,1.0,432.0
2018-08-15,29.0,1.2,11.2,110,2353,6.8,110,2400,79.9,31.7,1004.3,35.5,5.2,1.0,1256.0
2018-08-16,27.6,5.6,14.7,110,1253,9.7,90,1258,85.4,31.5,1003.9,28.6,8.3,1.0,6212.0
2018-08-17,26.8,0.0,16.2,50,156,9.5,70,902,71.6,25.2,1007.3,27.4,10.7,1.0,8671.0
2018-08-18,26.4,0.0,10.0,70,1029,6.0,70,1152,68.9,23.5,1008.1,29.5,5.4,1.0,1822.0
2018-08-19,26.2,0.0,6.6,110,1107,4.5,90,1107,76.9,26.1,1008.1,29.5,3.9,1.0,446.0
2018-08-20,27.2,0.0,7.8,200,1424,5.7,180,1354,79.1,28.3,1005.0,31.8,7.2,1.0,2936.0
2018-08-21,26.9,0.0,7.3,70,1528,5.6,90,1512,76.1,26.7,1001.6,32.8,4.7,1.0,952.0
2018-08-22,27.3,32.9,21.1,70,2259,14.2,90,2346,82.6,29.9,997.0,29.1,11.5,1.0,5177.0
2018-08-23,25.2,77.2,25.7,90,626,18.2,90,838,90.8,28.9,988.1,24.9,21.5,1.0,0.0
2018-08-24,26.1,0.0,13.6,140,4,9.1,140,3,84.0,28.2,1001.0,27.3,6.4,1.0,649.0
2018-08-25,24.8,5.7,6.1,110,1101,3.6,140,1554,90.5,28.3,1007.3,27.3,3.9,1.0,604.0
2018-08-26,25.8,0.0,7.0,200,1207,4.4,200,1036,90.5,29.9,1008.6,28.9,9.0,1.0,5186.0
2018-08-27,26.3,0.0,8.4,230,1114,5.7,230,1115,89.8,30.6,1010.4,29.0,8.5,1.0,4440.0
2018-08-29,26.1,1.0,8.3,230,2215,4.9,250,2047,90.1,30.4,1009.1,28.9,7.3,1.0,2920.0
2018-08-30,27.6,0.0,10.3,250,1127,6.7,250,1734,85.1,31.2,1009.7,29.4,7.0,1.0,2992.0
2018-08-31,27.7,0.0,12.2,230,1616,7.5,250,1004,83.8,30.9,1009.2,30.4,7.2,1.0,3203.0
2018-09-01,24.6,51.6,10.4,90,2227,6.1,110,2238,93.5,28.8,1007.5,25.5,5.2,1.0,1412.0
2018-09-02,25.1,2.8,10.7,70,157,5.2,90,2,91.1,29.0,1005.3,27.3,6.4,1.0,1426.0
2018-09-03,26.3,1.8,11.2,270,1449,7.5,250,1453,88.8,30.1,1000.7,27.5,9.5,1.0,4637.0
2018-09-04,25.2,17.6,12.7,340,1308,7.9,340,1441,77.5,24.7,996.9,25.1,9.0,1.0,5142.0
2018-09-05,24.9,0.0,7.9,230,1358,5.3,230,1406,69.1,21.5,1003.8,24.8,4.8,1.0,680.0
2018-09-06,24.0,0.2,5.2,250,1622,3.3,270,2127,78.0,23.1,1005.0,24.2,3.8,1.0,369.0
2018-09-07,22.2,11.5,11.7,250,503,7.4,270,509,88.5,23.6,1005.7,23.0,5.1,1.0,987.0
2018-09-08,20.7,0.0,8.3,20,1218,5.6,50,1144,67.1,16.2,1010.4,20.2,5.7,1.0,1389.0
2018-09-09,22.1,0.0,9.2,70,1228,5.8,50,938,67.9,17.8,1012.7,21.3,6.5,1.0,1773.0
2018-09-10,22.9,0.0,11.5,70,1337,6.6,110,1925,65.5,18.1,1016.5,21.8,7.8,1.0,3224.0
2018-09-11,22.9,1.3,12.4,110,1218,7.7,90,1242,72.8,20.2,1015.6,22.1,9.6,1.0,5412.0
2018-09-12,23.2,176.0,11.6,110,21,6.7,90,220,86.9,24.6,1013.6,22.6,6.6,1.0,2155.0
2018-09-13,23.8,176.2,14.8,140,2036,9.4,140,2104,93.0,27.4,1011.7,23.2,7.7,1.0,2979.0
2018-09-14,25.3,1.5,10.4,230,1222,7.0,160,18,85.3,27.3,1010.2,26.0,6.0,1.0,2178.0
2018-09-15,24.4,0.0,6.5,340,940,3.7,270,228,84.3,25.6,1012.2,25.2,4.3,1.0,703.0
2018-09-16,24.3,0.0,4.7,360,906,2.8,340,9,81.4,24.6,1013.6,25.8,2.6,1.0,72.0
2018-09-17,22.8,1.8,5.8,90,1616,3.3,230,1502,84.9,23.4,1014.8,24.5,3.7,1.0,373.0
2018-09-19,22.5,0.1,6.2,360,453,3.9,340,457,68.9,18.6,1011.2,21.8,3.6,1.0,404.0
2018-09-20,25.0,33.9,11.4,270,501,6.3,270,447,88.6,27.8,1006.1,25.2,4.0,1.0,480.0
2018-09-21,24.1,19.7,13.5,340,1651,8.0,340,1623,87.0,26.1,1006.5,24.7,5.5,1.0,2561.0
2018-09-22,23.0,0.0,8.2,70,906,4.4,50,1212,72.6,20.0,1013.6,23.3,4.6,1.0,896.0
2018-09-23,22.7,0.0,6.4,70,2329,3.5,230,1341,73.3,20.1,1014.1,22.6,3.3,1.0,403.0
2018-09-24,20.0,0.0,8.7,20,1353,5.2,50,1335,62.4,14.5,1015.9,19.1,6.6,1.0,2777.0
2018-09-25,20.4,0.0,9.8,90,1905,6.3,70,1321,61.8,14.6,1014.5,19.9,7.2,1.0,2885.0
2018-09-26,22.3,0.0,13.3,90,2019,7.4,90,1603,66.9,18.0,1013.6,21.1,9.7,1.0,5592.0
2018-09-27,21.6,0.0,10.9,110,2121,6.4,70,836,64.3,16.5,1013.9,20.8,8.2,1.0,3754.0
2018-09-28,22.6,0.0,10.8,70,1416,6.0,70,1345,68.5,18.8,1013.5,23.5,7.7,1.0,3511.0
2018-09-29,19.5,25.6,11.5,50,2001,6.9,70,2337,85.3,19.3,1008.7,19.7,8.6,1.0,4922.0
2018-09-30,20.8,0.2,14.3,90,1254,7.6,360,1559,64.3,15.8,1002.6,19.2,12.8,1.0,7906.0
2018-10-01,18.6,0.0,12.6,360,1417,8.2,340,1423,60.8,12.9,1010.0,16.8,6.7,1.0,3487.0
2018-10-02,18.2,0.0,8.4,340,1437,4.6,360,1631,65.3,13.4,1015.5,18.2,5.3,1.0,1627.0
2018-10-03,17.6,0.0,9.0,340,1052,5.0,70,1233,68.5,13.5,1018.5,18.3,5.0,1.0,1171.0
2018-10-04,20.7,14.8,12.2,110,2338,6.8,90,1908,80.8,19.7,1017.5,19.1,8.5,1.0,4731.0
2018-10-05,22.5,137.8,22.9,140,2319,16.1,160,2320,92.3,25.1,1004.4,21.5,13.6,1.0,5757.0
2018-10-06,21.5,23.2,23.2,160,58,18.0,160,38,81.8,21.1,998.9,20.8,14.5,1.0,4626.0
2018-10-07,19.5,0.0,11.1,340,1541,6.0,360,819,68.9,15.5,1014.2,18.5,9.0,1.0,6403.0
2018-10-08,17.7,0.0,10.1,50,1041,5.4,50,1145,58.3,11.5,1015.5,16.9,7.5,1.0,4271.0
2018-10-09,19.6,0.0,6.6,140,923,4.5,140,923,71.3,16.1,1013.7,18.5,3.3,1.0,341.0
2018-10-10,16.8,0.3,9.5,230,1027,5.0,360,1156,66.5,12.8,1015.4,16.1,7.9,1.0,4688.0
2018-10-11,14.0,0.0,8.8,340,1215,4.6,340,1251,61.3,9.7,1020.7,13.8,7.2,1.0,3286.0
2018-10-12,13.3,0.0,11.3,50,1137,6.2,50,1032,59.6,8.9,1023.0,12.9,6.8,1.0,2543.0
2018-10-13,14.6,0.0,8.0,70,1258,5.3,70,1305,64.5,10.7,1021.7,14.5,5.0,1.0,533.0
2018-10-14,17.4,0.0,7.4,70,951,4.7,50,959,74.0,14.8,1019.0,16.2,5.0,1.0,660.0
2018-10-15,17.4,0.0,7.3,90,912,4.6,70,948,68.3,13.5,1017.0,18.9,4.5,1.0,698.0
2018-10-16,15.1,2.3,10.0,320,1318,4.2,340,1321,74.5,12.7,1013.8,14.0,6.1,1.0,2367.0
2018-10-17,16.1,0.0,9.4,20,1224,4.7,360,1427,60.9,10.9,1013.3,13.9,8.9,1.0,5730.0
2018-10-18,14.5,0.0,11.8,50,1156,6.0,340,1454,60.4,9.8,1016.5,14.2,9.3,1.0,6205.0
2018-10-19,14.3,0.0,8.4,70,1008,5.1,70,933,64.5,10.3,1021.1,15.0,5.4,1.0,1440.0
2018-10-20,15.3,0.0,7.3,110,1301,4.5,110,1303,64.5,11.0,1022.5,16.0,4.6,1.0,722.0
2018-10-21,16.0,0.0,7.0,90,1536,4.1,90,1116,67.9,12.3,1020.3,17.7,4.1,1.0,404.0
2018-10-22,16.7,1.8,5.1,340,436,3.8,340,442,77.6,14.7,1017.4,16.7,3.4,1.0,112.0
2018-10-23,17.3,0.0,9.4,340,1529,4.4,340,1535,74.8,14.5,1015.9,17.9,5.3,1.0,1886.0
2018-10-24,14.8,0.0,9.4,50,1033,4.7,50,1008,65.9,10.8,1017.9,16.0,7.0,1.0,3101.0
2018-10-25,17.4,0.0,7.2,160,2349,4.1,340,652,64.6,12.6,1017.4,17.1,4.3,1.0,740.0
2018-10-26,17.4,4.0,12.0,340,1833,8.0,340,1834,77.1,15.4,1011.7,17.3,5.9,1.0,2680.0
2018-10-27,14.4,0.0,12.0,340,1126,7.4,340,1533,49.3,8.0,1015.6,12.8,9.4,1.0,7216.0
2018-10-28,15.7,0.0,12.8,270,1358,7.8,270,1406,54.9,9.6,1012.5,14.6,5.6,1.0,1751.0
2018-10-29,16.4,0.0,9.3,20,1511,6.2,340,1604,58.5,10.6,1013.3,15.1,4.8,1.0,1128.0
2018-10-30,12.4,0.0,9.4,360,1210,5.6,340,1137,67.6,9.5,1018.9,13.2,5.6,1.0,1701.0
2018-10-31,12.1,0.0,7.4,340,1415,4.5,340,1432,61.6,8.6,1020.9,11.0,6.0,1.0,1743.0
2018-11-01,12.1,0.0,10.2,340,1448,4.8,360,1257,59.1,8.2,1023.1,12.1,8.9,1.0,5272.0
2018-11-02,13.3,0.0,5.8,340,3,3.8,340,208,61.3,9.2,1024.6,14.9,4.3,1.0,846.0
2018-11-03,14.4,0.0,8.3,50,1433,4.9,70,1415,66.8,11.0,1022.2,14.7,4.5,1.0,596.0
2018-11-04,13.9,0.0,7.6,70,1327,4.2,50,1238,59.1,9.2,1019.4,15.3,4.5,1.0,856.0
2018-11-05,14.6,0.0,7.0,360,425,4.8,340,432,67.0,10.9,1019.8,16.1,4.5,1.0,1099.0
2018-11-06,16.3,0.0,7.0,70,1035,4.6,70,1042,74.6,13.8,1021.6,15.7,4.2,1.0,444.0
2018-11-07,18.2,2.5,8.9,140,2344,5.7,160,2145,79.6,16.6,1020.0,16.5,5.0,1.0,823.0
2018-11-08,18.2,16.2,13.7,270,814,7.7,270,1336,83.9,17.6,1013.4,17.6,7.9,1.0,3564.0
2018-11-09,13.4,0.0,10.6,360,1313,5.5,340,27,75.6,11.5,1018.5,14.2,6.0,1.0,1993.0
2018-11-10,12.6,0.0,7.7,70,1024,4.5,50,1117,66.9,9.7,1022.5,12.4,5.1,1.0,1277.0
2018-11-11,14.3,9.7,6.9,50,2138,3.9,50,2154,78.3,12.7,1018.6,13.8,3.6,1.0,261.0
2018-11-12,12.8,2.9,9.7,360,1422,4.3,50,350,76.5,11.2,1014.9,13.5,8.2,1.0,3431.0
2018-11-13,12.3,0.0,9.1,20,1159,5.0,340,727,64.3,9.1,1015.7,11.5,8.8,1.0,4118.0
2018-11-14,12.9,0.0,7.3,50,1129,4.7,70,1120,69.8,10.3,1019.6,12.0,5.8,1.0,1363.0
2018-11-15,16.0,0.0,6.2,180,1953,4.1,160,2216,62.8,11.3,1020.8,12.9,3.3,1.0,204.0
2018-11-16,14.6,4.8,10.0,50,1603,5.4,50,1608,72.3,11.9,1018.0,14.1,4.6,1.0,1125.0
2018-11-17,11.4,0.0,11.4,160,1054,5.3,340,1522,59.0,7.8,1019.0,10.6,8.8,1.0,5692.0
2018-11-18,11.1,0.3,9.4,340,330,5.6,340,234,52.8,6.9,1018.0,9.6,6.3,1.0,2838.0
2018-11-19,10.9,0.0,8.4,90,1034,5.7,50,1027,59.4,7.5,1019.8,10.1,6.3,1.0,2124.0
2018-11-20,10.0,0.0,8.1,70,1029,5.1,50,1107,58.8,7.0,1022.7,9.0,3.9,1.0,493.0
2018-11-21,12.0,1.4,8.0,50,2233,4.0,140,1154,69.8,9.9,1018.8,10.3,3.5,1.0,380.0
2018-11-22,8.7,0.0,12.7,50,948,7.4,360,522,57.0,6.4,1022.2,8.8,9.5,1.0,6364.0
2018-11-23,7.3,0.0,7.8,70,1046,4.6,70,1253,64.9,6.6,1025.4,7.3,3.9,1.0,378.0
2018-11-24,12.7,2.4,11.4,250,1058,7.4,250,1109,70.4,10.2,1021.7,10.0,6.7,1.0,2869.0
2018-11-25,11.2,0.0,6.2,360,1142,4.0,70,1326,76.0,10.0,1021.6,10.0,4.1,1.0,647.0
2018-11-26,13.7,5.7,4.9,360,2354,3.3,340,2354,81.8,12.9,1020.9,11.4,3.0,1.0,105.0
2018-11-27,13.9,0.0,8.0,360,2227,4.3,360,2230,78.1,12.3,1019.8,12.2,6.8,1.0,3101.0
2018-11-28,11.7,0.0,11.0,50,1132,6.4,50,1141,64.8,8.7,1019.3,9.6,6.8,1.0,2449.0
2018-11-29,12.8,0.0,6.1,340,408,4.0,340,125,70.4,10.3,1022.5,10.0,3.9,1.0,592.0
2018-11-30,12.5,0.0,7.0,360,315,4.4,340,317,64.6,9.4,1023.3,10.3,4.5,1.0,857.0
2018-12-01,13.9,0.0,7.9,50,1306,5.2,70,1235,61.0,9.7,1022.8,11.1,5.7,1.0,1502.0
2018-12-02,18.1,16.8,11.5,160,1907,8.2,160,1909,79.4,16.5,1018.9,15.4,4.4,1.0,1311.0
2018-12-03,18.6,1.4,7.3,270,31,4.9,270,2,87.4,18.6,1014.7,18.1,4.2,1.0,878.0
2018-12-04,13.7,5.0,13.2,360,1723,8.1,360,1737,76.8,12.5,1015.0,13.7,9.3,1.0,6945.0
2018-12-05,9.0,0.0,10.3,180,940,6.4,50,1352,64.9,7.5,1020.5,7.7,8.9,1.0,5693.0
2018-12-06,8.6,4.4,11.2,140,2324,5.5,360,1229,77.3,8.6,1018.7,8.4,9.7,1.0,6632.0
2018-12-07,3.9,0.0,11.5,90,1135,5.1,50,1613,62.5,5.1,1026.9,4.2,12.3,1.0,9288.0
2018-12-08,2.8,0.5,11.1,340,1317,6.3,360,1307,66.9,5.0,1029.3,3.1,6.4,1.0,2755.0
2018-12-09,2.9,0.0,10.7,70,1150,5.3,70,955,57.3,4.3,1030.8,2.5,6.7,1.0,2653.0
2018-12-10,7.4,0.0,7.9,70,1159,5.4,70,1205,59.5,6.2,1027.6,5.3,5.4,1.0,1189.0
2018-12-11,8.8,17.0,9.6,360,2356,5.8,50,816,86.0,9.7,1021.8,7.9,7.6,1.0,4072.0
2018-12-12,5.5,0.1,13.3,340,959,6.1,360,147,62.4,5.6,1025.2,3.9,11.3,1.0,8630.0
2018-12-13,6.6,0.0,10.0,360,1633,5.1,340,1444,59.9,5.8,1027.3,4.6,7.0,1.0,3700.0
2018-12-14,4.5,0.0,12.3,360,1040,5.3,340,1236,58.3,4.9,1030.5,3.2,10.6,1.0,8321.0
2018-12-15,5.3,0.0,7.2,340,4,4.8,340,7,58.0,5.1,1028.3,2.7,3.7,1.0,728.0
2018-12-16,8.0,2.8,7.6,110,1936,3.8,360,1840,83.8,9.0,1018.0,6.7,6.2,1.0,2421.0
2018-12-17,9.1,0.0,12.9,360,1435,8.0,340,1501,50.8,5.9,1017.8,6.2,8.1,1.0,5639.0
2018-12-18,7.1,0.0,10.3,340,1529,6.1,340,1438,60.3,6.0,1020.5,4.5,5.1,1.0,1686.0
2018-12-19,11.5,0.0,8.6,290,1236,5.7,270,1252,63.1,8.6,1019.7,6.8,4.4,1.0,859.0
2018-12-20,12.6,4.8,9.3,340,709,5.5,360,717,83.9,12.2,1018.8,10.7,5.9,1.0,2099.0
2018-12-21,15.1,0.0,8.8,140,33,5.9,160,42,78.1,13.3,1018.4,12.8,4.2,1.0,804.0
2018-12-22,12.1,1.5,5.4,70,1316,3.4,70,1324,82.4,11.5,1019.3,11.0,4.4,1.0,771.0
2018-12-23,8.6,1.2,12.8,20,1253,7.3,360,1220,65.1,7.4,1020.6,7.6,12.4,1.0,9480.0
2018-12-24,5.4,0.0,12.0,90,1049,6.1,50,1039,62.3,5.6,1023.5,3.5,9.4,1.0,6829.0
2018-12-25,6.9,0.0,7.8,360,101,4.1,50,1249,62.5,6.1,1020.9,5.0,6.0,1.0,2498.0
2018-12-26,8.1,0.0,10.1,70,1256,5.8,50,1349,60.8,6.6,1019.2,7.1,7.2,1.0,3460.0
2018-12-27,1.9,0.0,17.2,110,1240,10.0,360,1245,58.9,4.1,1023.8,2.0,14.7,1.0,10159.0
2018-12-28,0.4,1.6,10.8,340,41,4.9,20,49,66.9,4.2,1027.9,0.7,12.4,1.0,10156.0
2018-12-29,1.9,0.2,11.2,50,859,5.5,50,1353,59.0,4.2,1031.4,0.9,9.6,1.0,6915.0
2018-12-30,2.4,0.0,12.2,340,1224,6.1,340,1226,58.3,4.2,1032.7,2.1,9.7,1.0,7034.0
2018-12-31,3.9,0.0,11.2,340,1309,6.9,340,1253,59.4,4.8,1032.2,2.6,14.1,1.0,5081.0
