ID,TARGET
0,22.453024
1,27.48207
2,31.327969
3,33.733025
4,36.328392
5,37.687492
6,41.400562
7,39.976616
8,43.700592
9,43.816124
10,43.29608
11,43.007614
12,39.510418
13,40.02426
14,38.236687
15,34.563683
16,27.147062
17,16.478094
18,7.851653
19,5.299485
20,5.272912
21,5.2408867
22,5.266037
23,5.246258
24,5.307109
25,5.3403254
26,5.3937035
27,5.4162207
28,5.358567
29,5.3762465
30,5.348819
31,5.3453608
32,5.295003
33,7.1019354
34,7.0265293
35,7.014082
36,6.9401035
37,6.89847
38,6.8175364
39,6.749216
40,6.660865
41,6.5896006
42,6.408619
43,6.3428726
44,6.240616
45,6.175993
46,6.088832
47,11.807377
48,22.012596
49,27.566975
50,31.89684
51,34.701084
52,37.15248
53,38.208607
54,39.54528
55,39.76034
56,40.460445
57,40.323742
58,40.681725
59,39.93441
60,39.583324
61,38.682056
62,36.89251
63,33.388004
64,28.682037
65,20.514221
66,9.8394
67,5.2012024
68,5.227146
69,5.2532396
70,5.2596455
71,5.3651867
72,5.2879868
73,5.317254
74,5.2437
75,5.3599596
76,5.3310423
77,5.446308
78,5.421338
79,5.4424295
80,5.421049
81,7.113389
82,7.0461893
83,7.117729
84,7.0395107
85,7.0019703
86,6.9240446
87,6.882923
88,6.798067
89,6.8193455
90,6.7310953
91,6.6772375
92,6.584261
93,6.492921
94,6.3402023
95,11.896401
96,21.423326
97,26.52926
98,30.317219
99,33.257557
100,35.62544
101,37.13942
102,38.50714
103,38.639126
104,41.063835
105,39.410202
106,39.91153
107,39.291855
108,41.866966
109,40.059048
110,36.11093
111,32.63369
112,28.451277
113,21.056543
114,7.924389
115,4.931857
116,4.960724
117,5.100993
118,5.07279
119,5.1048975
120,5.0654936
121,5.065464
122,5.0288067
123,5.043254
124,5.0093775
125,5.041894
126,5.0108166
127,5.0020275
128,4.9748526
129,6.8007
130,6.737026
131,6.8090734
132,6.7220488
133,6.8212967
134,6.7280025
135,6.7955656
136,6.734029
137,6.7599096
138,6.654192
139,6.6375217
140,6.536462
141,6.49743
142,6.3830557
143,12.280389
144,21.74487
145,26.492577
146,30.020386
147,32.42099
148,34.732475
149,35.993572
150,37.358864
151,37.90722
152,38.449318
153,38.27531
154,38.65265
155,37.89369
156,37.528023
157,36.23751
158,34.971233
159,31.948807
160,28.013323
161,21.279385
162,10.264478
163,4.9157724
164,4.911214
165,4.9974737
166,5.033617
167,5.0941896
168,5.1389456
169,5.2070704
170,5.2319403
171,5.281596
172,5.300357
173,5.331334
174,5.3010855
175,5.3355074
176,5.3092756
177,7.0542192
178,6.982416
179,6.973092
180,6.89596
181,6.887021
182,6.803527
183,6.775099
184,6.6393805
185,6.57238
186,6.549329
187,6.4511175
188,6.33667
189,6.25233
190,6.1329565
191,7.954031
192,16.326923
193,26.007301
194,34.11702
195,38.213196
196,40.327396
197,41.977783
198,40.23718
199,43.341614
200,42.66111
201,42.856213
202,43.29236
203,42.33001
204,41.774193
205,38.780403
206,30.096752
207,25.658953
208,28.102879
209,20.91572
210,9.792495
211,5.0369034
212,5.0210323
213,5.121169
214,5.1196957
215,5.180975
216,5.1907425
217,5.268116
218,5.289254
219,5.3378
220,5.263666
221,5.2717695
222,5.2906523
223,5.2782574
224,5.2273293
225,7.015854
226,6.9348936
227,7.023427
228,7.02534
229,7.032281
230,6.946867
231,6.8526754
232,6.768159
233,6.7950487
234,6.7058287
235,6.6238794
236,6.5387754
237,6.420143
238,6.289838
239,11.850428
240,21.168282
241,26.13678
242,29.954823
243,37.375088
244,40.3267
245,36.491123
246,37.799248
247,37.85903
248,38.70356
249,38.88009
250,39.077663
251,38.537853
252,38.20782
253,37.769165
254,36.060627
255,32.460217
256,27.42976
257,18.84835
258,8.715939
259,4.9817877
260,5.0381536
261,5.109602
262,5.1463118
263,5.171777
264,5.186102
265,5.1824217
266,5.1463547
267,5.1616154
268,5.142359
269,5.167864
270,5.1252155
271,5.153412
272,5.1409388
273,6.8579245
274,6.794284
275,6.788069
276,6.7027636
277,6.675565
278,6.582755
279,6.575348
280,6.484501
281,6.438285
282,6.3403254
283,6.2905006
284,6.186284
285,6.154438
286,6.058485
287,7.926049
288,20.657352
289,27.084145
290,31.355225
291,33.486576
292,35.709393
293,36.80087
294,38.13557
295,37.826096
296,41.70542
297,42.93054
298,38.53174
299,37.87847
300,41.439114
301,39.976986
302,38.041214
303,33.38536
304,26.123432
305,16.189274
306,7.4432974
307,5.62022
308,5.662818
309,5.754797
310,5.7606745
311,5.850252
312,5.856139
313,5.9299326
314,5.8737946
315,5.916253
316,5.9724417
317,6.005041
318,5.9779167
319,6.019516
320,5.9859695
321,7.5360155
322,7.4722595
323,7.503993
324,7.433097
325,7.389373
326,7.3749323
327,7.380269
328,7.2909803
329,7.273612
330,7.1847553
331,7.162896
332,7.0686626
333,7.02915
334,6.94186
335,7.785887
336,12.428733
337,18.549652
338,24.720583
339,28.58228
340,30.306095
341,30.129898
342,28.016197
343,17.512707
344,39.74004
345,42.992702
346,42.71224
347,42.261906
348,40.44091
349,40.007244
350,37.54339
351,31.12675
352,26.481277
353,18.691813
354,7.321909
355,5.608698
356,5.641061
357,5.7571125
358,5.7922316
359,5.9033394
360,6.0893326
361,6.1291914
362,6.024581
363,5.9032507
364,5.825596
365,5.644388
366,5.618078
367,5.5806427
368,5.570691
369,7.0356255
370,6.9798937
371,6.994632
372,6.9130945
373,6.908453
374,6.812496
375,6.7635403
376,6.6721735
377,6.709344
378,6.586341
379,6.5290127
380,6.3949175
381,6.2174425
382,6.1202354
383,7.175067
384,16.150497
385,23.678596
386,29.6871
387,34.5289
388,38.93307
389,36.107117
390,37.583637
391,38.046474
392,41.08769
393,38.917385
394,39.090054
395,38.679665
396,38.272194
397,36.673447
398,34.888245
399,31.447617
400,26.865324
401,19.644062
402,9.061627
403,4.987277
404,4.915165
405,4.8902054
406,4.8787203
407,4.933732
408,4.939007
409,4.971691
410,4.964587
411,4.9702044
412,4.9511833
413,4.963975
414,4.947585
415,4.9660425
416,4.9530525
417,6.643469
418,6.610813
419,6.6112194
420,6.5347023
421,6.5230036
422,6.430546
423,6.4083633
424,6.307846
425,6.276026
426,6.121166
427,6.080286
428,5.976207
429,5.924095
430,5.7900057
431,5.773469
432,14.710929
433,23.508842
434,31.027954
435,36.593887
436,39.074303
437,37.114105
438,38.53682
439,38.90228
440,42.28727
441,42.029808
442,41.718353
443,40.093803
444,40.609924
445,20.541862
446,18.201115
447,15.106269
448,11.559471
449,7.9702625
450,5.397524
451,4.8859396
452,4.881896
453,4.9626102
454,4.9206095
455,4.952692
456,4.9283915
457,4.9681835
458,4.9719505
459,4.9766903
460,4.982585
461,4.9989777
462,5.00714
463,5.0360928
464,5.0059357
465,6.5903425
466,6.5309324
467,6.546051
468,6.467243
469,6.473707
470,6.378501
471,6.37788
472,6.2730637
473,6.2590513
474,6.1546535
475,6.131324
476,5.995412
477,5.9593573
478,5.7745285
479,5.7458954
480,12.684736
481,19.280235
482,26.23076
483,31.17324
484,34.05185
485,38.90593
486,42.235287
487,41.074455
488,42.783066
489,42.92405
490,38.389835
491,37.8698
492,37.1426
493,35.307632
494,33.844368
495,30.213726
496,26.01685
497,18.827288
498,6.675498
499,5.019226
500,4.9438734
501,4.969063
502,4.9848175
503,5.013872
504,5.021755
505,5.0626583
506,5.039896
507,5.075183
508,5.0696077
509,5.1726036
510,5.2122993
511,5.386441
512,5.4000254
513,7.1095915
514,7.0429993
515,7.1177053
516,7.036665
517,7.089058
518,6.9646072
519,6.999322
520,6.902916
521,6.924302
522,6.803933
523,6.802745
524,6.703046
525,6.6403847
526,6.5124855
527,6.46926
528,6.9705906
529,7.7347364
530,8.37665
531,9.1424265
532,9.744203
533,11.679545
534,16.566935
535,28.970879
536,27.518715
537,23.084782
538,25.111252
539,13.285746
540,20.450489
541,14.963408
542,13.136256
543,10.974765
544,8.931349
545,7.0422277
546,5.8449144
547,5.557539
548,5.5289373
549,5.5488434
550,5.537672
551,5.637826
552,5.6162167
553,5.6776953
554,5.6330805
555,5.693345
556,5.6227875
557,5.6476717
558,5.6347723
559,5.6966324
560,5.7015724
561,7.418008
562,7.358573
563,7.43659
564,7.3643312
565,7.3078356
566,7.2216043
567,7.2731714
568,7.1851187
569,7.1821985
570,7.0876856
571,7.0558834
572,6.9558296
573,6.9142504
574,6.819318
575,6.6913214
576,19.002932
577,23.662605
578,27.032618
579,28.987751
580,31.1618
581,32.18205
582,33.437622
583,35.560905
584,36.33649
585,36.530968
586,36.61179
587,41.945404
588,41.088142
589,39.22746
590,37.086372
591,31.701172
592,23.676998
593,14.228904
594,5.9080095
595,5.9192095
596,5.948945
597,5.955332
598,6.0044193
599,6.024827
600,6.0043364
601,6.0232477
602,5.9612703
603,5.9747257
604,6.0542297
605,6.0758696
606,6.053849
607,6.0659666
608,6.0476303
609,7.715041
610,7.605056
611,7.5691624
612,7.58679
613,7.533887
614,7.4601135
615,7.397997
616,7.316848
617,7.2580156
618,7.1702156
619,7.114873
620,7.0218334
621,6.9703865
622,6.8822126
623,6.8024607
624,18.20512
625,23.792536
626,27.696081
627,30.056974
628,32.577507
629,37.016182
630,42.009594
631,41.526344
632,38.71693
633,32.831028
634,30.995846
635,30.098467
636,24.183167
637,9.071958
638,8.225479
639,7.502552
640,6.8173647
641,6.0949697
642,5.561948
643,5.632847
644,5.6508245
645,5.6765213
646,5.7163
647,5.745619
648,5.733306
649,5.7502346
650,5.780711
651,5.7723503
652,5.752734
653,5.7702494
654,5.753564
655,5.7838783
656,5.757655
657,7.4403753
658,7.372692
659,7.364846
660,7.238393
661,7.202404
662,7.1725636
663,7.1232033
664,7.019042
665,6.9505587
666,6.8455896
667,6.76888
668,6.656275
669,6.5817795
670,6.4643593
671,6.4001694
672,18.950043
673,24.83622
674,28.59171
675,31.225307
676,33.45832
677,34.83578
678,36.04796
679,35.73907
680,41.31463
681,42.388107
682,42.306416
683,33.46123
684,35.95429
685,36.079887
686,34.232204
687,30.788528
688,25.841026
689,17.159494
690,5.6736345
691,5.675292
692,5.6582203
693,5.578932
694,5.5990705
695,5.599477
696,5.68787
697,5.7077513
698,5.7713375
699,5.767721
700,5.7541056
701,5.7626553
702,5.832589
703,5.8280973
704,5.809452
705,7.533457
706,7.4701424
707,7.434553
708,7.365283
709,7.330929
710,7.2550697
711,7.204417
712,7.12173
713,7.0088787
714,6.9168005
715,6.8475847
716,6.749954
717,6.6564894
718,6.5554714
719,6.452344
720,18.979725
721,24.721165
722,28.665405
723,31.315678
724,33.568314
725,34.75183
726,35.99558
727,36.01789
728,36.847466
729,36.870205
730,37.01156
731,39.856857
732,40.97919
733,34.896275
734,33.17992
735,30.043304
736,26.196175
737,19.166996
738,5.1552906
739,5.09713
740,5.0665913
741,5.136341
742,5.161028
743,5.23777
744,5.183217
745,5.2295504
746,5.280323
747,5.283452
748,5.249897
749,5.268553
750,5.223406
751,5.1920156
752,5.232484
753,7.027541
754,6.9550123
755,6.931592
756,6.8537645
757,6.8380775
758,6.7540884
759,6.690465
760,6.5996246
761,6.610281
762,6.5123262
763,6.4857054
764,6.381506
765,6.339799
766,6.2315283
767,6.21039
768,10.005788
769,15.320144
770,21.106318
771,24.885254
772,27.277878
773,28.738642
774,29.196547
775,29.927557
776,42.177876
777,38.622467
778,38.946644
779,35.526604
780,39.58725
781,39.379303
782,36.518425
783,31.101822
784,23.284159
785,13.779062
786,5.296708
787,5.2937584
788,5.302947
789,5.3328495
790,5.3238125
791,5.392371
792,5.438963
793,5.4799232
794,5.424921
795,5.455611
796,5.51031
797,5.518056
798,5.501254
799,5.527416
800,5.514163
801,7.291667
802,7.1861687
803,7.183915
804,7.165823
805,7.1447744
806,7.016988
807,6.9865456
808,6.964835
809,6.9317617
810,6.846568
811,6.8109903
812,6.7202845
813,6.6824446
814,6.587837
815,6.537506
816,19.262709
817,24.540537
818,28.339237
819,30.667892
820,32.726444
821,34.473465
822,35.68905
823,36.08386
824,36.80727
825,38.338467
826,42.119896
827,37.383835
828,41.00524
829,38.528862
830,35.75418
831,30.782963
832,24.538944
833,15.094602
834,5.3590593
835,5.354644
836,5.3381357
837,5.3761673
838,5.372961
839,5.396783
840,5.3265867
841,5.3516827
842,5.3877144
843,5.4036503
844,5.369993
845,5.4032125
846,5.3583155
847,5.358886
848,5.22921
849,7.0343895
850,7.1230936
851,7.302438
852,7.2722483
853,7.4454994
854,7.3251553
855,7.3898497
856,7.3075905
857,7.2942467
858,7.204068
859,7.081211
860,6.973708
861,6.911029
862,6.7406282
863,6.66438
864,8.579388
865,12.091824
866,17.037285
867,21.331467
868,24.215654
869,22.3018
870,23.25204
871,26.234858
872,38.78083
873,40.456516
874,32.031467
875,31.163765
876,29.929733
877,27.919266
878,33.306572
879,29.504807
880,24.919237
881,17.029951
882,5.4500647
883,5.4692965
884,5.424036
885,5.540143
886,5.537956
887,5.6233683
888,5.6100454
889,5.7013397
890,5.690567
891,5.7735815
892,5.7652187
893,5.826229
894,5.809969
895,5.8658323
896,5.842515
897,7.346877
898,7.284234
899,7.2948036
900,7.2250414
901,7.222934
902,7.1420717
903,7.1302643
904,7.040018
905,7.013253
906,6.837906
907,6.7758675
908,6.6634436
909,6.6095953
910,6.5075045
911,6.456008
912,16.122831
913,23.95184
914,28.700611
915,31.841633
916,32.677414
917,34.156723
918,36.17413
919,41.985058
920,39.67612
921,41.03969
922,41.15668
923,41.64185
924,40.826653
925,37.12965
926,37.33014
927,31.20338
928,21.338713
929,11.746646
930,5.5803537
931,5.5702286
932,5.541317
933,5.52314
934,5.4278946
935,5.319289
936,5.2677565
937,5.2835846
938,5.248702
939,5.178338
940,5.145933
941,5.173399
942,5.158741
943,5.2045345
944,5.1935577
945,7.0228806
946,6.9617796
947,6.9700937
948,6.9047127
949,6.9039927
950,6.770014
951,6.781761
952,6.713374
953,6.7187653
954,6.6834135
955,6.697734
956,6.6172333
957,6.62794
958,6.501896
959,6.499569
960,15.822988
961,23.121407
962,27.949312
963,31.171856
964,34.15579
965,35.81994
966,37.300816
967,37.642616
968,38.544373
969,39.197315
970,39.289825
971,39.21542
972,38.565685
973,36.90149
974,34.888794
975,30.644756
976,25.639029
977,16.098125
978,5.2339554
979,5.272114
980,5.279664
981,5.3912973
982,5.334283
983,5.379013
984,5.4320955
985,5.498581
986,5.46276
987,5.524375
988,5.491685
989,5.5509186
990,5.494279
991,5.551546
992,5.512228
993,7.278036
994,7.210367
995,7.22565
996,7.1534147
997,7.157427
998,7.0794783
999,7.0768814
1000,6.99236
1001,6.984784
1002,6.8940935
1003,6.8815813
1004,6.7859373
1005,6.7645626
1006,6.656761
1007,6.660074
1008,15.6275625
1009,22.926731
1010,27.677366
1011,30.72118
1012,33.409912
1013,35.551056
1014,37.008533
1015,39.32805
1016,39.88403
1017,24.144548
1018,31.190475
1019,41.092445
1020,35.8792
1021,32.51139
1022,28.801495
1023,23.35344
1024,16.765907
1025,10.706234
1026,5.4982233
1027,5.542284
1028,5.5167437
1029,5.56783
1030,5.5593395
1031,5.642009
1032,5.57769
1033,5.580673
1034,5.547409
1035,5.5715
1036,5.541357
1037,5.5728073
1038,5.57267
1039,5.620434
1040,5.5959845
1041,7.3946323
1042,7.3302813
1043,7.3595257
1044,7.2908688
1045,7.3241034
1046,7.2507114
1047,7.27563
1048,7.12241
1049,7.139533
1050,7.047414
1051,7.028594
1052,6.9232025
1053,6.8823442
1054,6.788187
1055,6.777485
1056,16.086098
1057,22.77451
1058,27.219873
1059,30.181606
1060,32.669094
1061,34.66499
1062,36.008335
1063,36.47966
1064,37.34292
1065,37.85781
1066,38.0361
1067,37.45697
1068,37.03723
1069,35.249245
1070,33.480354
1071,29.702353
1072,25.521603
1073,17.73882
1074,5.3947115
1075,5.427264
1076,5.43705
1077,5.552169
1078,5.5780296
1079,5.619897
1080,5.6076937
1081,5.6386204
1082,5.587615
1083,5.619012
1084,5.669654
1085,5.7236137
1086,5.6950226
1087,5.7647066
1088,5.740123
1089,7.450329
1090,7.38984
1091,7.4127417
1092,7.3387175
1093,7.2575245
1094,7.168133
1095,7.178713
1096,7.04288
1097,7.000244
1098,6.9701214
1099,6.910511
1100,6.8139906
1101,6.754569
1102,6.653818
1103,6.6165733
1104,14.039256
1105,22.612444
1106,27.348331
1107,30.409142
1108,31.32159
1109,37.520195
1110,39.37317
1111,40.878258
1112,41.543568
1113,38.852776
1114,42.09211
1115,41.293617
1116,40.13757
1117,38.093193
1118,34.829464
1119,28.745174
1120,19.85458
1121,12.407347
1122,5.8363876
1123,5.9342318
1124,5.9738464
1125,6.064538
1126,6.0515604
1127,6.1437626
1128,6.1157722
1129,6.196265
1130,6.1635466
1131,6.213876
1132,6.1367903
1133,6.110256
1134,6.0914135
1135,6.034314
1136,6.042179
1137,7.423131
1138,7.389556
1139,7.2071924
1140,7.111931
1141,7.0623283
1142,7.0033665
1143,6.9620934
1144,6.903207
1145,6.833453
1146,6.763692
1147,6.7009344
1148,6.629921
1149,6.5926514
1150,6.5023108
1151,6.490327
1152,15.826444
1153,22.170677
1154,26.802757
1155,29.936096
1156,31.691284
1157,32.361954
1158,36.224533
1159,36.712517
1160,37.678192
1161,41.44039
1162,41.896267
1163,41.102222
1164,40.079536
1165,38.00511
1166,34.329548
1167,27.872105
1168,19.909864
1169,11.779343
1170,5.2229967
1171,5.288415
1172,5.2024536
1173,5.21119
1174,5.0994654
1175,5.1169024
1176,5.0803204
1177,5.074046
1178,5.055004
1179,5.161686
1180,5.145833
1181,5.1695747
1182,5.058049
1183,5.082692
1184,5.1104174
1185,6.8609543
1186,6.800494
1187,6.7970324
1188,6.732703
1189,6.7218657
1190,6.6614523
1191,6.624873
1192,6.558797
1193,6.603527
1194,6.5315456
1195,6.4926805
1196,6.40584
1197,6.337509
1198,6.21329
1199,6.1502914
1200,15.45507
1201,22.692226
1202,27.397966
1203,30.1511
1204,32.7789
1205,33.850037
1206,35.39586
1207,35.95572
1208,36.8073
1209,36.832302
1210,36.920277
1211,36.13339
1212,35.848743
1213,34.61236
1214,32.84984
1215,29.133343
1216,24.85151
1217,17.379524
1218,5.1640615
1219,5.1367235
1220,5.0625525
1221,5.094656
1222,5.02462
1223,5.082239
1224,5.030321
1225,5.0310745
1226,4.982172
1227,5.080844
1228,5.050065
1229,5.064603
1230,5.0366077
1231,5.0316544
1232,5.0072765
1233,6.8472776
1234,6.7776556
1235,6.8657246
1236,6.782776
1237,6.780402
1238,6.6909313
1239,6.6750803
1240,6.6009216
1241,6.586993
1242,6.5070047
1243,6.485425
1244,6.3889027
1245,6.3362703
1246,6.2360744
1247,6.156945
1248,9.702982
1249,22.711168
1250,27.545794
1251,30.689007
1252,33.541485
1253,39.16836
1254,40.2547
1255,41.740616
1256,42.25366
1257,37.596165
1258,37.789726
1259,36.125885
1260,32.485104
1261,30.664059
1262,33.34595
1263,29.587479
1264,25.307302
1265,17.518923
1266,5.077609
1267,5.188018
1268,5.1400146
1269,5.2676554
1270,5.211033
1271,5.2388067
1272,5.171811
1273,5.2854977
1274,5.235428
1275,5.3035793
1276,5.2001667
1277,5.2733383
1278,5.2007084
1279,5.20434
1280,5.164318
1281,6.935623
1282,6.8698835
1283,6.8426294
1284,6.780819
1285,6.7421865
1286,6.66535
1287,6.6777563
1288,6.6055975
1289,6.5376635
1290,6.478633
1291,6.435808
1292,6.3608007
1293,6.3257093
1294,6.1805115
1295,6.1664877
1296,9.6038
1297,22.109623
1298,26.68724
1299,29.292435
1300,31.733929
1301,31.633514
1302,25.458206
1303,25.638765
1304,19.595041
1305,17.939077
1306,21.534304
1307,20.462696
1308,19.27881
1309,17.084846
1310,14.915357
1311,12.211983
1312,9.653176
1313,7.2615175
1314,5.5996227
1315,5.639635
1316,5.6549206
1317,5.805725
1318,5.7874517
1319,5.900193
1320,5.8653
1321,5.9388294
1322,5.847989
1323,5.901824
1324,5.9175262
1325,5.963661
1326,5.926756
1327,5.9257507
1328,5.901414
1329,7.3451147
1330,7.2828236
1331,7.2579966
1332,7.1976023
1333,7.1777277
1334,7.06359
1335,7.0454435
1336,6.968314
1337,6.935996
1338,6.8467045
1339,6.8132715
1340,6.7091436
1341,6.6753483
1342,6.5695944
1343,6.514427
1344,8.702449
1345,14.423694
1346,21.130562
1347,27.583422
1348,32.105995
1349,39.469635
1350,41.010956
1351,33.61644
1352,41.85589
1353,37.800285
1354,39.94424
1355,39.960674
1356,34.872406
1357,32.89246
1358,31.328388
1359,28.074736
1360,24.06254
1361,17.293207
1362,5.465871
1363,5.462202
1364,5.402256
1365,5.4015923
1366,5.383296
1367,5.442585
1368,5.401664
1369,5.3723164
1370,5.320286
1371,5.303706
1372,5.2677784
1373,5.2735605
1374,5.226345
1375,5.251746
1376,5.2077694
1377,6.9150076
1378,6.8379154
1379,6.82969
1380,6.7560835
1381,6.8248196
1382,6.6952496
1383,6.6966734
1384,6.6110487
1385,6.6003294
1386,6.507722
1387,6.4688377
1388,6.369382
1389,6.306384
1390,6.2307386
1391,6.1621504
1392,9.727104
1393,22.859364
1394,27.16563
1395,29.799755
1396,32.316673
1397,33.373
1398,34.865654
1399,36.113426
1400,36.728535
1401,36.979168
1402,37.4495
1403,36.80742
1404,36.444286
1405,34.97339
1406,33.05597
1407,29.556221
1408,25.305634
1409,18.59628
1410,5.1129847
1411,5.095087
1412,5.0343056
1413,5.052417
1414,5.0234814
1415,5.107314
1416,5.0957403
1417,5.145875
1418,5.108409
1419,5.0947285
1420,5.0455494
1421,5.0345325
1422,5.0029287
1423,5.0067806
1424,4.9787083
1425,6.7474575
1426,6.675172
1427,6.6703186
1428,6.5935793
1429,6.580428
1430,6.497838
1431,6.48458
1432,6.3954983
1433,6.3529873
1434,6.256871
1435,6.2036552
1436,6.1007004
1437,6.022375
1438,5.9144354
1439,5.859207
1440,9.232739
1441,22.961086
1442,27.68692
1443,30.61615
1444,33.09343
1445,34.15927
1446,35.667225
1447,36.027065
1448,36.934395
1449,36.91025
1450,37.340935
1451,36.62442
1452,36.2369
1453,34.425926
1454,32.779892
1455,29.70319
1456,25.734177
1457,18.821754
1458,5.022175
1459,5.0692196
1460,5.0357733
1461,5.106373
1462,5.103174
1463,5.204607
1464,5.20383
1465,5.2210827
1466,5.167965
1467,5.164296
1468,5.1138115
1469,5.1087084
1470,5.0610046
1471,5.0748367
1472,5.044936
1473,6.7637978
1474,6.6841574
1475,6.6817713
1476,6.5967884
1477,6.5878544
1478,6.495919
1479,6.4754696
1480,6.375675
1481,6.3510714
1482,6.2555437
1483,6.231697
1484,6.12938
1485,6.0944967
1486,5.964177
1487,5.9557123
1488,12.53988
1489,22.31756
1490,27.525183
1491,30.7919
1492,33.648632
1493,34.939293
1494,36.20663
1495,36.821396
1496,37.294
1497,37.307255
1498,37.589554
1499,36.771038
1500,36.193523
1501,34.54045
1502,32.635143
1503,28.937634
1504,24.431225
1505,16.762066
1506,5.3585796
1507,5.2887125
1508,5.2389946
1509,5.2259064
1510,5.127198
1511,5.118226
1512,5.079918
1513,5.0969734
1514,5.020235
1515,5.0930586
1516,5.0610914
1517,5.0689154
1518,5.054594
1519,5.0943794
1520,5.097926
1521,6.96869
1522,6.906329
1523,6.932658
1524,6.856449
1525,6.8760157
1526,6.804512
1527,6.811842
1528,6.734705
1529,6.73606
1530,6.6421127
1531,6.6373816
1532,6.5374393
1533,6.530677
1534,6.3734426
1535,6.4051313
1536,8.99053
1537,21.20628
1538,26.279228
1539,29.110474
1540,31.883682
1541,33.44564
1542,34.977604
1543,35.687843
1544,36.56868
1545,36.984695
1546,37.114693
1547,36.804577
1548,36.321545
1549,35.237717
1550,33.31926
1551,29.445402
1552,24.715069
1553,16.936682
1554,5.660919
1555,5.6930685
1556,5.712907
1557,5.7381067
1558,5.7343054
1559,5.7451277
1560,5.742836
1561,5.701454
1562,5.6890306
1563,5.6254473
1564,5.6028023
1565,5.5544157
1566,5.5344753
1567,5.5044746
1568,5.4607697
1569,7.064172
1570,7.03823
1571,7.02843
1572,6.8936024
1573,6.8788366
1574,6.7319345
1575,6.7103853
1576,6.5935583
1577,6.606139
1578,6.4779654
1579,6.446253
1580,6.3195524
1581,6.2787848
1582,6.145583
1583,6.085849
1584,6.879327
1585,10.194912
1586,14.684514
1587,18.89682
1588,22.20311
1589,24.022795
1590,23.733978
1591,27.730164
1592,32.39573
1593,42.05128
1594,31.726017
1595,41.293797
1596,36.690422
1597,34.726856
1598,32.848976
1599,28.846615
1600,24.166903
1601,16.010292
1602,5.4881926
1603,5.4707184
1604,5.397853
1605,5.4956703
1606,5.4268055
1607,5.451358
1608,5.4138746
1609,5.498147
1610,5.492934
1611,5.593996
1612,5.646448
1613,5.8801184
1614,5.8789425
1615,6.0419655
1616,6.0225315
1617,7.6092606
1618,7.5481644
1619,7.6101904
1620,7.5490236
1621,7.5030394
1622,7.4267817
1623,7.408004
1624,7.3252783
1625,7.2577763
1626,7.1648664
1627,7.0997257
1628,7.005764
1629,6.9383507
1630,6.847787
1631,6.7664843
1632,8.23193
1633,16.796501
1634,29.141766
1635,35.987823
1636,40.083183
1637,37.85397
1638,39.222347
1639,38.698074
1640,40.94409
1641,41.60644
1642,40.838196
1643,41.200386
1644,20.415138
1645,14.689605
1646,12.925206
1647,10.8706455
1648,25.53199
1649,17.782309
1650,5.480336
1651,5.4439993
1652,5.373295
1653,5.396714
1654,5.3434143
1655,5.3279257
1656,5.3197117
1657,5.321043
1658,5.3149843
1659,5.331236
1660,5.3777075
1661,5.4120064
1662,5.422817
1663,5.459285
1664,5.3791075
1665,6.9965525
1666,6.9607706
1667,6.9803076
1668,6.9100933
1669,6.9353952
1670,6.8369703
1671,6.854621
1672,6.7595396
1673,6.7684507
1674,6.695236
1675,6.6832857
1676,6.5587425
1677,6.5225887
1678,6.4681845
1679,6.424656
1680,11.910876
1681,20.82352
1682,25.750898
1683,28.637312
1684,31.173588
1685,32.57376
1686,34.00642
1687,35.09838
1688,36.074482
1689,35.96311
1690,36.125275
1691,35.4517
1692,35.08079
1693,33.234108
1694,31.733685
1695,28.43511
1696,24.447613
1697,17.905931
1698,5.5038414
1699,5.4568644
1700,5.4207945
1701,5.461364
1702,5.455513
1703,5.5197496
1704,5.477742
1705,5.5101156
1706,5.444847
1707,5.4550037
1708,5.4052277
1709,5.415242
1710,5.3539886
1711,5.3590603
1712,5.329645
1713,7.0769053
1714,6.9994144
1715,7.0496683
1716,6.9489174
1717,6.9112787
1718,6.8096066
1719,6.7585897
1720,6.6470337
1721,6.6040373
1722,6.4954786
1723,6.4636383
1724,6.33459
1725,6.270092
1726,6.1619034
1727,6.063141
1728,6.834237
1729,10.178293
1730,14.771516
1731,19.147606
1732,22.430729
1733,24.369633
1734,32.825787
1735,33.845974
1736,40.772926
1737,41.670048
1738,41.660866
1739,40.581783
1740,39.70484
1741,35.2042
1742,33.536247
1743,28.657614
1744,24.25224
1745,16.316734
1746,5.528393
1747,5.607991
1748,5.5372677
1749,5.6518917
1750,5.585202
1751,5.577959
1752,5.52699
1753,5.6213655
1754,5.588937
1755,5.608246
1756,5.5930376
1757,5.7565737
1758,5.7316313
1759,5.7603207
1760,5.72556
1761,7.5877066
1762,7.523526
1763,7.481784
1764,7.410925
1765,7.3130417
1766,7.276948
1767,7.2136602
1768,7.1358614
1769,7.065278
1770,6.980237
1771,6.9124975
1772,6.810954
1773,6.725235
1774,6.6182985
1775,6.532439
1776,6.958727
1777,9.526674
1778,13.567393
1779,18.031425
1780,21.647732
1781,23.757967
1782,39.008804
1783,35.573235
1784,40.00954
1785,41.55435
1786,42.03086
1787,39.318855
1788,39.80601
1789,37.11999
1790,34.665207
1791,29.450394
1792,24.554329
1793,16.31454
1794,5.3687897
1795,5.372574
1796,5.3575354
1797,5.3999014
1798,5.3878613
1799,5.5278845
1800,5.504963
1801,5.5308495
1802,5.5106573
1803,5.5580654
1804,5.593754
1805,5.6858454
1806,5.7106895
1807,5.7843733
1808,5.7593517
1809,7.3373613
1810,7.2827787
1811,7.2577
1812,7.218871
1813,7.1824255
1814,7.1029367
1815,7.0929527
1816,7.012785
1817,7.0193214
1818,6.8718414
1819,6.8669434
1820,6.8044186
1821,6.799885
1822,6.701042
1823,6.7066164
1824,8.342097
1825,20.372013
1826,24.69988
1827,27.258642
1828,29.759972
1829,31.820778
1830,37.22506
1831,34.39248
1832,39.80922
1833,39.692017
1834,36.374138
1835,40.34237
1836,39.22112
1837,37.27052
1838,31.207146
1839,27.863823
1840,23.91396
1841,17.596596
1842,5.826147
1843,5.742922
1844,5.7002125
1845,5.7002296
1846,5.7009563
1847,5.7392416
1848,5.700388
1849,5.816698
1850,5.795985
1851,5.786029
1852,5.755001
1853,5.8077517
1854,5.766552
1855,5.7181053
1856,5.679102
1857,7.4020443
1858,7.3291483
1859,7.314209
1860,7.235799
1861,7.2717495
1862,7.2040186
1863,7.2070436
1864,7.1337633
1865,7.1235123
1866,6.9616127
1867,6.9300804
1868,6.8262196
1869,6.762703
1870,6.652912
1871,6.595951
1872,8.042813
1873,20.008537
1874,25.001987
1875,28.021915
1876,31.00758
1877,32.461838
1878,34.294407
1879,34.506508
1880,35.350155
1881,35.11314
1882,35.462784
1883,34.88193
1884,34.55526
1885,33.93147
1886,32.186096
1887,28.599834
1888,24.249083
1889,16.927307
1890,5.588707
1891,5.6242847
1892,5.592331
1893,5.7231255
1894,5.7088575
1895,5.7263184
1896,5.701414
1897,5.7037945
1898,5.6813993
1899,5.748722
1900,5.7292776
1901,5.7232285
1902,5.706481
1903,5.6935387
1904,5.6799126
1905,7.3498344
1906,7.289075
1907,7.2844543
1908,7.2203083
1909,7.215419
1910,7.0767975
1911,7.0698204
1912,6.97252
1913,6.9606028
1914,6.844838
1915,6.8007584
1916,6.6729155
1917,6.6256905
1918,6.4997845
1919,6.452738
1920,10.070578
1921,20.049095
1922,25.445799
1923,28.701756
1924,31.684006
1925,33.150288
1926,34.62834
1927,34.949482
1928,35.87926
1929,36.290836
1930,36.6689
1931,36.009758
1932,35.84591
1933,34.398872
1934,32.629585
1935,29.199907
1936,25.197012
1937,18.313175
1938,5.5452156
1939,5.5501633
1940,5.5432796
1941,5.541813
1942,5.4711485
1943,5.5684347
1944,5.515092
1945,5.5260286
1946,5.4753065
1947,5.556505
1948,5.522976
1949,5.5317326
1950,5.457567
1951,5.4474764
1952,5.375739
1953,7.2192783
1954,7.159007
1955,7.3176155
1956,7.294198
1957,7.452714
1958,7.419796
1959,7.505582
1960,7.445033
1961,7.4058304
1962,7.327075
1963,7.23849
1964,7.1688643
1965,7.0942984
1966,7.012767
1967,6.8746824
1968,7.107416
1969,9.247564
1970,12.851657
1971,16.95733
1972,21.013746
1973,23.33611
1974,19.29501
1975,21.290472
1976,24.616436
1977,28.621565
1978,25.87339
1979,25.06979
1980,21.191225
1981,19.272263
1982,16.9311
1983,13.700497
1984,10.59089
1985,7.744982
1986,5.7213917
1987,5.777321
1988,5.69228
1989,5.7769947
1990,5.609662
1991,5.585866
1992,5.509803
1993,5.493985
1994,5.4768753
1995,5.535884
1996,5.4137125
1997,5.435972
1998,5.42393
1999,5.462577
2000,5.423643
2001,7.286833
2002,7.2313614
2003,7.207756
2004,7.148284
2005,7.081274
2006,7.0168514
2007,6.9389715
2008,6.8504868
2009,6.811702
2010,6.7251835
2011,6.6058397
2012,6.5114803
2013,6.409384
2014,6.30917
2015,6.248025
2016,7.674224
2017,20.874802
2018,26.300222
2019,30.033913
2020,33.45196
2021,35.23597
2022,37.201332
2023,38.101658
2024,38.997787
2025,39.084217
2026,39.58178
2027,38.916542
2028,38.169174
2029,36.118107
2030,34.10786
2031,29.791124
2032,25.38611
2033,18.52013
2034,5.524432
2035,5.5250177
2036,5.482397
2037,5.5044184
2038,5.4929104
2039,5.4979696
2040,5.488804
2041,5.5912743
2042,5.5713577
2043,5.5921135
2044,5.6017904
2045,5.65884
2046,5.6434155
2047,5.695608
2048,5.670167
2049,7.316887
2050,7.2425766
2051,7.2255373
2052,7.1373653
2053,7.0850115
2054,6.986478
2055,7.0405645
2056,6.94246
2057,6.9210253
2058,6.834175
2059,6.814808
2060,6.7224646
2061,6.714307
2062,6.628458
2063,6.6126547
2064,6.459694
2065,18.343065
2066,23.995134
2067,27.50527
2068,30.23278
2069,31.20414
2070,34.130264
2071,35.343204
2072,36.267467
2073,35.982758
2074,36.330463
2075,35.142445
2076,34.96117
2077,36.602383
2078,33.067535
2079,26.26036
2080,18.557194
2081,11.613533
2082,5.8451967
2083,5.892042
2084,5.8752985
2085,5.9340477
2086,5.9951706
2087,6.151656
2088,6.151204
2089,6.187415
2090,6.1857176
2091,6.0768385
2092,5.999338
2093,5.896143
2094,5.8163376
2095,5.7186356
2096,5.6579523
2097,7.2140484
2098,7.1491947
2099,7.127207
2100,7.0563784
2101,6.9457054
2102,6.874815
2103,6.8913174
2104,6.8233557
2105,6.7787037
2106,6.6338224
2107,6.587762
2108,6.5065165
2109,6.4466743
2110,6.3603935
2111,6.297513
2112,6.190447
2113,20.971521
2114,26.60239
2115,29.827759
2116,33.003735
2117,34.720184
2118,36.592842
2119,37.65248
2120,38.76982
2121,41.73767
2122,40.596573
2123,34.718258
2124,39.52473
2125,33.5362
2126,30.002575
2127,26.559492
2128,22.654762
2129,15.613257
2130,6.505378
2131,5.3494787
2132,5.3312283
2133,5.3677883
2134,5.338434
2135,5.3818083
2136,5.341689
2137,5.394129
2138,5.3667727
2139,5.4262466
2140,5.3632956
2141,5.4306555
2142,5.3854456
2143,5.47029
2144,5.4138546
2145,7.2682495
2146,7.194702
2147,7.3270235
2148,7.251898
2149,7.2645016
2150,7.183216
2151,7.1782236
2152,7.0992975
2153,7.0973854
2154,6.935919
2155,6.9305344
2156,6.849059
2157,6.8286953
2158,6.764369
2159,6.7251024
2160,6.5854616
2161,16.794228
2162,23.856842
2163,27.85152
2164,31.44822
2165,33.307106
2166,34.95252
2167,37.67383
2168,41.12082
2169,36.168938
2170,36.27539
2171,39.42594
2172,36.235775
2173,35.02389
2174,32.51333
2175,29.986595
2176,25.402386
2177,18.31063
2178,7.2705965
2179,5.9915524
2180,5.9890776
2181,6.0107927
2182,5.9876556
2183,6.0099945
2184,5.966818
2185,5.9569807
2186,5.915248
2187,5.949583
2188,5.9115524
2189,5.8864384
2190,5.8493156
2191,5.8999205
2192,5.8673553
2193,7.5049324
2194,7.436473
2195,7.483408
2196,7.4168577
2197,7.4245005
2198,7.3539743
2199,7.2966156
2200,7.22509
2201,7.123851
2202,7.0378084
2203,7.0517015
2204,6.9527864
2205,6.8494797
2206,6.742711
2207,6.6501846
2208,6.5041943
2209,14.162395
2210,22.003942
2211,28.029844
2212,33.99541
2213,37.44162
2214,39.7006
2215,38.75779
2216,26.89715
2217,41.002075
2218,40.82218
2219,25.743896
2220,24.634502
2221,22.461914
2222,19.90828
2223,16.249365
2224,24.808298
2225,17.916464
2226,8.884091
2227,5.8807993
2228,5.809454
2229,5.8418827
2230,5.8234777
2231,5.830962
2232,5.802101
2233,5.797658
2234,5.7838583
2235,5.8356733
2236,5.82537
2237,5.821108
2238,5.8128176
2239,5.834342
2240,5.829211
2241,7.4985065
2242,7.3607397
2243,7.3549604
2244,7.3239527
2245,7.3099976
2246,7.179817
2247,7.1588373
2248,7.025856
2249,7.0186396
2250,6.8665667
2251,6.8644094
2252,6.8206596
2253,6.821885
2254,6.6824455
2255,6.6795874
2256,6.5900946
2257,19.083538
2258,24.278095
2259,26.545847
2260,29.198465
2261,31.090874
2262,36.33197
2263,37.495613
2264,38.643726
2265,38.499756
2266,39.038113
2267,38.397064
2268,37.750793
2269,35.76307
2270,33.828396
2271,29.75727
2272,25.72809
2273,19.892443
2274,10.314279
2275,5.9406652
2276,5.896551
2277,5.8644447
2278,5.822899
2279,5.8497715
2280,5.7998247
2281,5.7964554
2282,5.761013
2283,5.7870445
2284,5.7544107
2285,5.776249
2286,5.7330265
2287,5.7594547
2288,5.658908
2289,7.3852177
2290,7.3496704
2291,7.3499174
2292,7.2724
2293,7.2558994
2294,7.1714725
2295,7.140007
2296,7.0478506
2297,6.9665203
2298,6.8662596
2299,6.8812304
2300,6.77483
2301,6.716996
2302,6.6042595
2303,6.53479
2304,6.3699684
2305,16.22636
2306,23.857054
2307,28.447388
2308,32.912758
2309,35.360104
2310,39.788853
2311,40.271515
2312,39.008896
2313,41.88848
2314,41.476883
2315,40.50946
2316,39.84842
2317,38.33404
2318,35.276417
2319,29.589962
2320,22.856188
2321,14.525388
2322,7.368929
2323,5.990181
2324,5.9725513
2325,5.9896593
2326,5.996273
2327,6.0298033
2328,6.0048733
2329,6.0123825
2330,5.9788713
2331,5.9527617
2332,5.921075
2333,5.892619
2334,5.8628473
2335,5.860235
2336,5.7623606
2337,7.407153
2338,7.3783207
2339,7.3920956
2340,7.323269
2341,7.3395023
2342,7.2654495
2343,7.2800264
2344,7.149785
2345,7.1503735
2346,7.070776
2347,7.0557194
2348,6.9770575
2349,6.955804
2350,6.8213043
2351,6.8002043
2352,6.7447615
2353,14.539493
2354,22.847532
2355,30.37751
2356,35.946926
2357,38.825905
2358,39.33164
2359,40.386665
2360,36.630577
2361,37.02976
2362,41.48847
2363,38.813705
2364,39.471485
2365,37.845398
2366,34.719986
2367,28.70584
2368,20.826988
2369,13.221391
2370,7.149209
2371,5.645158
2372,5.583806
2373,5.585169
2374,5.541898
2375,5.634651
2376,5.6218643
2377,5.713192
2378,5.742365
2379,5.843375
2380,5.858988
2381,5.879345
2382,5.87269
2383,5.9635324
2384,5.91461
2385,7.4790325
2386,7.409625
2387,7.370062
2388,7.317733
2389,7.30849
2390,7.152196
2391,7.1397734
2392,7.0833426
2393,7.058156
2394,6.917033
2395,6.891201
2396,6.8276634
2397,6.7805605
2398,6.6785107
2399,6.630699
2400,6.467828
2401,20.24377
2402,25.461184
2403,28.44395
2404,31.254593
2405,32.511665
2406,33.97264
2407,34.51767
2408,36.428425
2409,39.43677
2410,35.249687
2411,34.709373
2412,34.514282
2413,33.701054
2414,32.28329
2415,29.206856
2416,25.835361
2417,20.590826
2418,11.336105
2419,6.056568
2420,5.9443417
2421,5.934868
2422,5.786721
2423,5.8267097
2424,5.8269415
2425,5.9044447
2426,5.8839207
2427,5.967223
2428,5.925828
2429,5.964904
2430,5.914543
2431,5.9583645
2432,5.911602
2433,7.5963917
2434,7.532134
2435,7.5299177
2436,7.4777966
2437,7.4803085
2438,7.428544
2439,7.4050703
2440,7.331418
2441,7.284528
2442,7.2039566
2443,7.1434536
2444,7.0559645
2445,6.946515
2446,6.8533783
2447,6.8550463
2448,6.7183123
2449,13.350341
2450,21.058174
2451,28.39141
2452,34.68616
2453,38.2146
2454,40.487602
2455,41.396854
2456,41.39026
2457,42.035233
2458,41.93229
2459,41.286846
2460,22.980492
2461,38.355373
2462,35.04514
2463,29.467272
2464,25.804583
2465,19.901154
2466,10.741969
2467,5.8686056
2468,5.8416405
2469,5.833166
2470,5.8093214
2471,5.9325104
2472,5.949301
2473,5.995035
2474,5.9879866
2475,5.9530087
2476,5.92461
2477,5.8793716
2478,5.826769
2479,5.849434
2480,5.8261547
